##,Unnamed: 1,Unnamed: 2,Unnamed: 3,Unnamed: 4
## Rules for SimpleBrain,,,,
#,,,,
# These rules have been generated using ChatGPT:,,,,
# https://chatgpt.com/share/678f0123-7724-8002-b75e-60a51ba6dac9,,,,
message,response,,,
*hello*, Hi there! I have knowledge about requirement analysis and can assist with understanding its processes.,,,
*hello*, Hello! Requirement analysis ensures that we meet stakeholder expectations effectively.,,,
*hi*, Hello! Requirement analysis is key to understanding user needs and creating effective solutions.,,,
*hi*, Hi! Letâ€™s explore the importance of requirement analysis in software engineering.,,,
*hey*, Hey there! I can guide you through requirement analysis concepts.,,,
*good morning*, Good morning! Ready to discuss requirement analysis and its significance?,,,
*what is the purpose of*, Understanding the purpose helps in defining clear requirements.,,,
*how can we determine*, By analyzing user needs and stakeholder input.,,,
*why do we need to document*, Documentation ensures clarity and traceability.,,,
*can we define requirements for*, Yes, we can use stakeholder input and project goals.,,
*what tools are used for*, Tools like JIRA and Trello are commonly used.,,,
*who is responsible for*, Typically, business analysts and project managers.,,
*when do we gather*, During the early stages of the software development lifecycle.,,,
*where do we store*, In a centralized requirements management system.,,,
*how do we validate*, By reviewing and confirming with stakeholders.,,,
*why is traceability important in*, It ensures that all requirements are fulfilled.,,,
*what are the steps in*, Steps include elicitation, analysis, documentation, and validation.
*why do stakeholders influence*, They are the primary source of requirements.,,,
*how do we prioritize*, By evaluating impact, urgency, and feasibility.,
*why should requirements be clear for*, To prevent miscommunication and rework.,,,
*what techniques are useful for*, Techniques like interviews, surveys, and workshops.,
*why is elicitation crucial for*, It ensures all necessary information is gathered.,,,
*how do we avoid ambiguity in*, By using precise and consistent language.,,,
*what role do prototypes play in*, They help visualize and refine requirements.,,,
*why should we involve users in*, To ensure the solution meets their needs.,,,
*how does risk analysis relate to*, It identifies potential challenges and mitigation strategies.,,,
*why are functional requirements key to*, They define the core operations of the system.,,,
*how do non-functional requirements affect*, They influence system performance and usability.,,,
*what is the role of diagrams in*, Diagrams help clarify and communicate requirements.,,,
*how does version control help in*, It tracks changes and maintains consistency.,,,
*why are user stories part of*, They provide a clear, user-focused perspective.,,
*how do we ensure alignment with*, By conducting regular reviews and updates.,,,
*why do use cases matter in*, They outline system interactions and workflows.,,,
*how can we improve collaboration for*, By fostering communication and using collaboration tools.,,,
*why do iterative processes support*, They allow for continuous refinement and feedback.,,,
*how does feedback enhance*, Feedback ensures that requirements align with expectations.,,,
*what is machine learning*,Machine learning is a subset of AI that enables systems to learn patterns from data without being explicitly programmed.,,,
*explain deep learning*,Deep learning is a type of machine learning using neural networks with multiple layers to model complex patterns in data.,,,
*what is a neural network*,"A neural network is a computational model inspired by the human brain, consisting of layers of interconnected nodes that process information.",,,
*difference between AI and ML*,"AI is a broader concept of machines simulating human intelligence, while ML is a subset of AI focusing on learning from data.",,,
*best programming languages for data science*,Python and R are the most popular programming languages for data science due to their extensive libraries and ease of use.,,,
*what is data preprocessing*,"Data preprocessing involves cleaning, transforming, and preparing raw data to improve the performance of machine learning models.",,,
*how to handle missing data*,"Common methods to handle missing data include deletion, imputation, or using algorithms that support missing values.",,,
*what is feature engineering*,"Feature engineering is the process of selecting, transforming, or creating new input variables to improve a machine learning model.",,,
*what are supervised and unsupervised learning*,"Supervised learning uses labeled data for training, while unsupervised learning finds patterns in unlabeled data.",,,
*explain overfitting in ML*,"Overfitting occurs when a model learns noise in the training data instead of general patterns, leading to poor performance on new data.",,,
*Who Created You*,"I was created by the team Syntax Sultans: Pavan, Anuja and Neethika.",,,
*What is Agile*,"Agile is an iterative and flexible software development methodology focused on collaboration, customer feedback, and rapid delivery of small, functional increments.",,,
*What is SDLC ?*,"SDLC is a structured process for planning, designing, developing, testing, and deploying software.",,,
*Difference between functional and non-functional requirements?*,"Functional requirements define what a system should do, while non-functional requirements define how it should perform.",,,
*What is an API ?*,An API (Application Programming Interface) allows different software systems to communicate with each other.,,,
*Difference between white-box and black-box testing?*,"White-box testing examines internal code logic, while black-box testing focuses on input-output behavior.",,,
